action_id,incident_id,supplier_id,action_type,date_opened,due_date,date_closed,status
CA0001,INC0001,SUP027,Supplier Investigation,2026-07-09,2026-07-19,2026-07-09,Closed
CA0002,INC0002,SUP050,Supplier Investigation,2026-08-30,2026-09-11,,In Progress
CA0003,INC0003,SUP010,Root Cause Analysis,2026-06-25,2026-07-14,,Open
CA0004,INC0004,SUP030,Supplier Investigation,2025-02-20,2025-03-01,,Open
CA0005,INC0005,SUP042,Supplier Investigation,2025-03-23,2025-03-31,,Open
CA0006,INC0006,SUP023,Process Improvement,2025-05-21,2025-06-06,,Open
CA0007,INC0007,SUP018,Additional Inspection,2026-05-02,2026-05-29,,Open
CA0008,INC0008,SUP022,Process Improvement,2025-08-10,2025-08-17,2025-08-10,Closed
CA0009,INC0009,SUP039,Staff Training,2026-09-18,2026-10-06,,In Progress
CA0010,INC0010,SUP050,Product Hold,2026-02-19,2026-03-11,2026-03-03,Closed
CA0011,INC0011,SUP039,Staff Training,2026-08-11,2026-09-06,2026-09-02,Closed
CA0012,INC0012,SUP007,Staff Training,2026-05-12,2026-05-23,,In Progress
CA0013,INC0013,SUP008,Additional Inspection,2026-07-15,2026-08-09,2026-08-03,Closed
CA0014,INC0014,SUP024,Staff Training,2025-08-03,2025-08-30,2025-08-30,Closed
CA0015,INC0015,SUP023,Process Improvement,2025-04-14,2025-04-21,,In Progress
CA0016,INC0016,SUP004,Product Hold,2025-03-01,2025-03-23,,In Progress
CA0017,INC0017,SUP022,Staff Training,2025-05-22,2025-06-17,,Open
CA0018,INC0018,SUP039,Additional Inspection,2025-12-23,2026-01-21,,In Progress
CA0019,INC0019,SUP028,Process Improvement,2026-03-25,2026-04-03,,In Progress
CA0020,INC0020,SUP025,Process Improvement,2025-12-22,2026-01-14,,Open
CA0021,INC0021,SUP034,Staff Training,2025-11-30,2025-12-17,,Open
CA0022,INC0022,SUP043,Additional Inspection,2026-02-28,2026-03-29,,Open
CA0023,INC0023,SUP037,Product Hold,2026-08-29,2026-09-19,,Open
CA0024,INC0024,SUP008,Supplier Investigation,2025-04-06,2025-04-25,2025-04-23,Closed
CA0025,INC0025,SUP043,Staff Training,2026-01-20,2026-02-04,,In Progress
CA0026,INC0026,SUP019,Product Hold,2026-02-14,2026-03-11,,In Progress
CA0027,INC0027,SUP033,Staff Training,2026-08-23,2026-09-01,,In Progress
CA0028,INC0028,SUP046,Process Improvement,2026-04-05,2026-05-05,,Open
CA0029,INC0029,SUP019,Root Cause Analysis,2026-07-19,2026-08-07,,Open
CA0030,INC0030,SUP039,Process Improvement,2026-05-29,2026-06-10,,Open
CA0031,INC0031,SUP007,Staff Training,2025-02-22,2025-03-15,,In Progress
CA0032,INC0032,SUP048,Root Cause Analysis,2025-10-08,2025-10-28,,Open
CA0033,INC0033,SUP022,Root Cause Analysis,2025-03-16,2025-03-29,,In Progress
CA0034,INC0034,SUP005,Staff Training,2026-02-17,2026-03-10,2026-03-01,Closed
CA0035,INC0035,SUP013,Product Hold,2025-07-10,2025-08-03,2025-07-25,Closed
CA0036,INC0036,SUP014,Staff Training,2025-11-08,2025-12-07,2025-11-29,Closed
CA0037,INC0037,SUP025,Product Hold,2026-01-15,2026-02-05,,In Progress
CA0038,INC0038,SUP039,Root Cause Analysis,2025-03-19,2025-03-28,,Open
CA0039,INC0039,SUP039,Root Cause Analysis,2025-10-20,2025-11-08,,Open
CA0040,INC0040,SUP045,Root Cause Analysis,2026-01-03,2026-02-01,2026-01-22,Closed
CA0041,INC0041,SUP007,Additional Inspection,2025-12-20,2026-01-09,,In Progress
CA0042,INC0042,SUP039,Product Hold,2026-01-24,2026-02-06,,In Progress
CA0043,INC0043,SUP046,Root Cause Analysis,2026-09-20,2026-10-03,,In Progress
CA0044,INC0044,SUP015,Supplier Investigation,2026-03-17,2026-04-04,,Open
CA0045,INC0045,SUP021,Staff Training,2026-02-12,2026-02-19,,Open
CA0046,INC0046,SUP043,Product Hold,2026-01-17,2026-01-30,2026-01-29,Closed
CA0047,INC0047,SUP029,Supplier Investigation,2025-01-27,2025-02-18,2025-02-12,Closed
CA0048,INC0048,SUP043,Root Cause Analysis,2025-09-25,2025-10-17,,In Progress
CA0049,INC0049,SUP036,Supplier Investigation,2026-07-03,2026-07-14,2026-07-08,Closed
CA0050,INC0050,SUP032,Root Cause Analysis,2025-05-06,2025-05-30,,Open
CA0051,INC0051,SUP039,Product Hold,2026-02-03,2026-02-11,,Open
CA0052,INC0052,SUP029,Product Hold,2026-07-17,2026-08-15,,In Progress
CA0053,INC0053,SUP016,Supplier Investigation,2025-10-14,2025-11-07,,In Progress
CA0054,INC0054,SUP041,Supplier Investigation,2026-06-07,2026-06-23,2026-06-14,Closed
CA0055,INC0055,SUP039,Product Hold,2026-09-09,2026-09-20,2026-09-18,Closed
CA0056,INC0056,SUP003,Root Cause Analysis,2026-07-01,2026-07-29,2026-07-27,Closed
CA0057,INC0057,SUP042,Supplier Investigation,2025-02-05,2025-02-13,2025-02-05,Closed
CA0058,INC0058,SUP039,Root Cause Analysis,2025-06-06,2025-06-23,,Open
CA0059,INC0059,SUP002,Root Cause Analysis,2026-02-12,2026-02-25,,In Progress
CA0060,INC0060,SUP013,Supplier Investigation,2026-03-26,2026-04-25,2026-04-23,Closed
CA0061,INC0061,SUP016,Staff Training,2025-07-01,2025-07-31,2025-07-23,Closed
CA0062,INC0062,SUP041,Product Hold,2026-08-24,2026-09-13,,Open
CA0063,INC0063,SUP033,Supplier Investigation,2025-03-28,2025-04-16,,Open
CA0064,INC0064,SUP047,Process Improvement,2025-01-29,2025-02-05,2025-02-02,Closed
CA0065,INC0065,SUP001,Root Cause Analysis,2025-04-04,2025-05-04,2025-05-01,Closed
CA0066,INC0066,SUP032,Staff Training,2025-03-16,2025-04-09,2025-04-02,Closed
CA0067,INC0067,SUP010,Root Cause Analysis,2026-02-18,2026-03-07,,Open
CA0068,INC0068,SUP025,Staff Training,2026-09-13,2026-09-22,,In Progress
CA0069,INC0069,SUP039,Additional Inspection,2026-09-16,2026-10-09,,In Progress
CA0070,INC0070,SUP008,Additional Inspection,2025-04-15,2025-05-10,,Open
CA0071,INC0071,SUP026,Supplier Investigation,2025-11-21,2025-12-04,,In Progress
CA0072,INC0072,SUP011,Root Cause Analysis,2025-11-03,2025-12-03,2025-12-03,Closed
CA0073,INC0073,SUP018,Product Hold,2026-08-19,2026-08-31,2026-08-26,Closed
CA0074,INC0074,SUP004,Process Improvement,2025-09-23,2025-10-11,,Open
CA0075,INC0075,SUP026,Supplier Investigation,2025-05-03,2025-05-21,,In Progress
CA0076,INC0076,SUP039,Root Cause Analysis,2026-07-20,2026-08-13,,Open
CA0077,INC0077,SUP027,Additional Inspection,2025-10-27,2025-11-18,,Open
CA0078,INC0078,SUP046,Root Cause Analysis,2026-07-28,2026-08-26,,Open
CA0079,INC0079,SUP037,Additional Inspection,2026-04-06,2026-04-21,,In Progress
CA0080,INC0080,SUP018,Root Cause Analysis,2026-05-01,2026-05-29,2026-05-23,Closed
CA0081,INC0081,SUP024,Supplier Investigation,2025-09-04,2025-09-25,,Open
CA0082,INC0082,SUP017,Process Improvement,2025-08-19,2025-09-11,,Open
CA0083,INC0083,SUP013,Root Cause Analysis,2025-01-12,2025-01-27,2025-01-18,Closed
CA0084,INC0084,SUP001,Supplier Investigation,2026-05-18,2026-06-13,,In Progress
CA0085,INC0085,SUP043,Staff Training,2025-01-19,2025-02-11,,In Progress
CA0086,INC0086,SUP040,Product Hold,2026-07-21,2026-08-19,,Open
CA0087,INC0087,SUP038,Supplier Investigation,2026-07-12,2026-07-20,,Open
CA0088,INC0088,SUP019,Supplier Investigation,2025-03-19,2025-04-08,,In Progress
CA0089,INC0089,SUP025,Additional Inspection,2025-10-06,2025-10-28,,In Progress
CA0090,INC0090,SUP038,Supplier Investigation,2025-02-27,2025-03-10,,Open
CA0091,INC0091,SUP033,Root Cause Analysis,2026-08-15,2026-09-10,,In Progress
CA0092,INC0092,SUP033,Supplier Investigation,2025-10-10,2025-10-25,2025-10-20,Closed
CA0093,INC0093,SUP005,Process Improvement,2026-07-09,2026-08-07,,Open
CA0094,INC0094,SUP003,Supplier Investigation,2025-09-05,2025-09-26,,In Progress
CA0095,INC0095,SUP008,Process Improvement,2025-04-20,2025-05-11,,Open
CA0096,INC0096,SUP013,Staff Training,2026-04-27,2026-05-23,2026-05-14,Closed
CA0097,INC0097,SUP050,Root Cause Analysis,2026-02-15,2026-02-25,,In Progress
CA0098,INC0098,SUP009,Process Improvement,2025-02-22,2025-03-24,,Open
CA0099,INC0099,SUP050,Root Cause Analysis,2025-01-22,2025-02-14,2025-02-09,Closed
CA0100,INC0100,SUP025,Staff Training,2025-07-16,2025-08-01,,In Progress
CA0101,INC0101,SUP007,Root Cause Analysis,2026-09-08,2026-10-04,2026-10-04,Closed
CA0102,INC0102,SUP016,Supplier Investigation,2025-08-22,2025-09-13,,Open
CA0103,INC0103,SUP023,Process Improvement,2025-08-09,2025-08-29,2025-08-19,Closed
CA0104,INC0104,SUP050,Staff Training,2025-03-14,2025-04-06,,In Progress
CA0105,INC0105,SUP027,Product Hold,2025-11-12,2025-12-11,2025-12-08,Closed
CA0106,INC0106,SUP024,Product Hold,2026-05-29,2026-06-15,,In Progress
CA0107,INC0107,SUP014,Supplier Investigation,2025-06-12,2025-07-07,2025-06-28,Closed
CA0108,INC0108,SUP018,Additional Inspection,2025-05-05,2025-05-28,2025-05-21,Closed
CA0109,INC0109,SUP008,Product Hold,2026-08-06,2026-08-17,2026-08-11,Closed
CA0110,INC0110,SUP025,Additional Inspection,2025-03-14,2025-04-10,,Open
CA0111,INC0111,SUP015,Root Cause Analysis,2026-09-15,2026-09-23,2026-09-19,Closed
CA0112,INC0112,SUP027,Root Cause Analysis,2025-01-20,2025-02-09,,Open
CA0113,INC0113,SUP029,Supplier Investigation,2025-08-25,2025-09-04,2025-08-30,Closed
CA0114,INC0114,SUP003,Additional Inspection,2026-08-17,2026-08-30,,In Progress
CA0115,INC0115,SUP042,Process Improvement,2025-08-18,2025-08-27,,In Progress
CA0116,INC0116,SUP042,Staff Training,2025-05-16,2025-06-10,,Open
CA0117,INC0117,SUP002,Product Hold,2025-09-27,2025-10-22,2025-10-16,Closed
CA0118,INC0118,SUP015,Additional Inspection,2026-01-29,2026-02-06,,Open
CA0119,INC0119,SUP004,Process Improvement,2025-10-03,2025-10-26,,Open
CA0120,INC0120,SUP048,Product Hold,2025-01-23,2025-02-19,2025-02-17,Closed
CA0121,INC0121,SUP018,Supplier Investigation,2026-08-29,2026-09-09,,In Progress
CA0122,INC0122,SUP008,Supplier Investigation,2025-07-20,2025-07-30,,In Progress
CA0123,INC0123,SUP007,Product Hold,2026-08-27,2026-09-07,2026-08-29,Closed
CA0124,INC0124,SUP046,Product Hold,2025-04-23,2025-05-01,,Open
CA0125,INC0125,SUP040,Product Hold,2026-06-04,2026-06-24,,Open
CA0126,INC0126,SUP008,Product Hold,2026-06-14,2026-07-09,,In Progress
CA0127,INC0127,SUP031,Additional Inspection,2025-05-22,2025-06-17,,Open
CA0128,INC0128,SUP004,Process Improvement,2025-07-05,2025-07-31,,Open
CA0129,INC0129,SUP012,Staff Training,2025-02-17,2025-03-10,2025-03-03,Closed
CA0130,INC0130,SUP015,Supplier Investigation,2025-06-26,2025-07-26,,In Progress
CA0131,INC0131,SUP027,Additional Inspection,2026-06-17,2026-07-09,2026-06-30,Closed
CA0132,INC0132,SUP039,Staff Training,2026-06-30,2026-07-17,,Open
CA0133,INC0133,SUP025,Root Cause Analysis,2025-08-01,2025-08-30,2025-08-20,Closed
CA0134,INC0134,SUP002,Process Improvement,2025-11-17,2025-12-09,,Open
CA0135,INC0135,SUP013,Additional Inspection,2026-04-16,2026-05-10,,Open
CA0136,INC0136,SUP013,Root Cause Analysis,2025-12-03,2025-12-16,2025-12-10,Closed
CA0137,INC0137,SUP025,Staff Training,2025-07-24,2025-08-20,,In Progress
CA0138,INC0138,SUP002,Root Cause Analysis,2025-07-03,2025-08-01,2025-07-22,Closed
CA0139,INC0139,SUP028,Additional Inspection,2026-08-06,2026-09-05,,Open
CA0140,INC0140,SUP004,Root Cause Analysis,2025-03-02,2025-03-21,2025-03-16,Closed
CA0141,INC0141,SUP030,Supplier Investigation,2026-07-09,2026-07-26,2026-07-20,Closed
CA0142,INC0142,SUP042,Additional Inspection,2025-08-05,2025-08-31,2025-08-28,Closed
CA0143,INC0143,SUP050,Product Hold,2025-02-27,2025-03-18,2025-03-12,Closed
CA0144,INC0144,SUP042,Process Improvement,2025-10-18,2025-11-08,2025-10-30,Closed
CA0145,INC0145,SUP043,Process Improvement,2026-07-27,2026-08-16,,In Progress
CA0146,INC0146,SUP036,Staff Training,2025-09-16,2025-10-14,,Open
CA0147,INC0147,SUP008,Staff Training,2025-05-11,2025-06-06,,In Progress
CA0148,INC0148,SUP028,Staff Training,2026-08-18,2026-09-01,2026-08-29,Closed
CA0149,INC0149,SUP014,Process Improvement,2025-05-06,2025-06-01,,In Progress
CA0150,INC0150,SUP050,Staff Training,2025-10-13,2025-10-21,2025-10-18,Closed
CA0151,INC0151,SUP011,Process Improvement,2025-12-31,2026-01-25,2026-01-20,Closed
CA0152,INC0152,SUP037,Product Hold,2025-07-02,2025-07-24,,Open
CA0153,INC0153,SUP002,Process Improvement,2026-08-19,2026-09-13,,In Progress
CA0154,INC0154,SUP033,Additional Inspection,2025-12-29,2026-01-10,,In Progress
CA0155,INC0155,SUP046,Staff Training,2025-08-21,2025-09-20,,Open
CA0156,INC0156,SUP012,Product Hold,2026-01-09,2026-01-19,2026-01-13,Closed
CA0157,INC0157,SUP036,Root Cause Analysis,2025-12-08,2025-12-25,,In Progress
CA0158,INC0158,SUP008,Product Hold,2025-06-14,2025-06-29,,In Progress
CA0159,INC0159,SUP039,Product Hold,2025-12-26,2026-01-09,2026-01-06,Closed
CA0160,INC0160,SUP046,Root Cause Analysis,2026-08-29,2026-09-13,,Open
CA0161,INC0161,SUP050,Process Improvement,2026-07-11,2026-08-08,,Open
CA0162,INC0162,SUP030,Process Improvement,2025-12-21,2026-01-04,,Open
CA0163,INC0163,SUP009,Additional Inspection,2026-08-02,2026-08-21,2026-08-12,Closed
CA0164,INC0164,SUP021,Additional Inspection,2026-02-26,2026-03-10,,Open
CA0165,INC0165,SUP009,Root Cause Analysis,2026-08-31,2026-09-27,,Open
CA0166,INC0166,SUP028,Supplier Investigation,2026-07-31,2026-08-18,2026-08-10,Closed
CA0167,INC0167,SUP046,Process Improvement,2025-08-13,2025-08-25,,Open
CA0168,INC0168,SUP012,Root Cause Analysis,2026-09-03,2026-09-30,,In Progress
CA0169,INC0169,SUP013,Supplier Investigation,2025-03-28,2025-04-10,,Open
CA0170,INC0170,SUP019,Root Cause Analysis,2025-06-24,2025-07-22,2025-07-20,Closed
CA0171,INC0171,SUP029,Root Cause Analysis,2026-05-14,2026-05-25,,In Progress
CA0172,INC0172,SUP018,Root Cause Analysis,2026-04-26,2026-05-12,,In Progress
CA0173,INC0173,SUP002,Root Cause Analysis,2025-11-12,2025-12-07,,In Progress
CA0174,INC0174,SUP018,Staff Training,2025-11-15,2025-11-26,,In Progress
CA0175,INC0175,SUP046,Staff Training,2025-06-07,2025-07-02,2025-06-24,Closed
CA0176,INC0176,SUP033,Staff Training,2026-02-10,2026-03-11,,Open
CA0177,INC0177,SUP042,Product Hold,2025-01-27,2025-02-15,2025-02-12,Closed
CA0178,INC0178,SUP018,Product Hold,2026-03-30,2026-04-14,,Open
CA0179,INC0179,SUP004,Product Hold,2025-05-06,2025-05-16,2025-05-15,Closed
CA0180,INC0180,SUP024,Product Hold,2025-01-31,2025-02-25,,In Progress
CA0181,INC0181,SUP043,Staff Training,2026-07-20,2026-07-29,,Open
CA0182,INC0182,SUP024,Product Hold,2026-01-11,2026-02-05,,Open
CA0183,INC0183,SUP046,Supplier Investigation,2025-12-26,2026-01-20,2026-01-15,Closed
CA0184,INC0184,SUP050,Supplier Investigation,2026-01-19,2026-01-31,,In Progress
CA0185,INC0185,SUP037,Supplier Investigation,2026-07-14,2026-07-27,,Open
CA0186,INC0186,SUP028,Product Hold,2026-07-12,2026-07-31,,Open
CA0187,INC0187,SUP013,Additional Inspection,2025-10-21,2025-11-01,2025-10-31,Closed
CA0188,INC0188,SUP013,Product Hold,2025-12-26,2026-01-02,2025-12-26,Closed
CA0189,INC0189,SUP002,Product Hold,2025-04-08,2025-05-02,2025-04-23,Closed
CA0190,INC0190,SUP024,Process Improvement,2026-07-31,2026-08-17,,In Progress
CA0191,INC0191,SUP038,Root Cause Analysis,2026-07-13,2026-08-05,,In Progress
CA0192,INC0192,SUP036,Product Hold,2026-03-19,2026-03-31,,In Progress
CA0193,INC0193,SUP036,Product Hold,2026-08-19,2026-09-08,2026-09-01,Closed
CA0194,INC0194,SUP021,Supplier Investigation,2025-03-30,2025-04-17,,In Progress
CA0195,INC0195,SUP035,Staff Training,2026-02-07,2026-02-18,,In Progress
CA0196,INC0196,SUP039,Additional Inspection,2026-03-21,2026-04-06,,Open
CA0197,INC0197,SUP024,Process Improvement,2025-03-29,2025-04-24,,Open
CA0198,INC0198,SUP046,Product Hold,2025-03-14,2025-04-07,,In Progress
CA0199,INC0199,SUP027,Additional Inspection,2025-08-28,2025-09-22,2025-09-13,Closed
CA0200,INC0200,SUP030,Additional Inspection,2025-09-26,2025-10-08,,In Progress
CA0201,INC0201,SUP006,Process Improvement,2025-08-05,2025-08-18,,Open
CA0202,INC0202,SUP041,Additional Inspection,2025-03-28,2025-04-15,,Open
CA0203,INC0203,SUP029,Root Cause Analysis,2026-03-12,2026-04-08,,In Progress
CA0204,INC0204,SUP046,Staff Training,2025-02-21,2025-02-28,2025-02-27,Closed
CA0205,INC0205,SUP025,Process Improvement,2025-07-13,2025-07-26,,In Progress
CA0206,INC0206,SUP011,Staff Training,2025-04-27,2025-05-06,,In Progress
CA0207,INC0207,SUP046,Process Improvement,2025-11-10,2025-12-02,,In Progress
CA0208,INC0208,SUP024,Supplier Investigation,2025-06-20,2025-07-06,2025-07-06,Closed
CA0209,INC0209,SUP042,Process Improvement,2026-05-18,2026-06-05,,Open
CA0210,INC0210,SUP007,Root Cause Analysis,2025-07-11,2025-08-01,2025-08-01,Closed
CA0211,INC0211,SUP008,Additional Inspection,2025-11-01,2025-11-29,2025-11-29,Closed
CA0212,INC0212,SUP003,Process Improvement,2026-03-07,2026-03-20,2026-03-18,Closed
CA0213,INC0213,SUP004,Supplier Investigation,2025-09-29,2025-10-23,2025-10-16,Closed
CA0214,INC0214,SUP013,Process Improvement,2026-06-07,2026-06-27,,In Progress
CA0215,INC0215,SUP012,Supplier Investigation,2026-01-06,2026-01-28,2026-01-25,Closed
CA0216,INC0216,SUP041,Staff Training,2025-02-03,2025-02-27,,In Progress
CA0217,INC0217,SUP025,Supplier Investigation,2025-04-30,2025-05-30,2025-05-23,Closed
CA0218,INC0218,SUP043,Process Improvement,2025-01-15,2025-01-29,,In Progress
CA0219,INC0219,SUP043,Staff Training,2025-09-05,2025-09-17,,Open
CA0220,INC0220,SUP008,Supplier Investigation,2025-04-13,2025-05-04,2025-05-01,Closed
CA0221,INC0221,SUP004,Root Cause Analysis,2025-12-08,2026-01-03,,In Progress
CA0222,INC0222,SUP046,Staff Training,2025-09-07,2025-10-05,,Open
CA0223,INC0223,SUP025,Additional Inspection,2025-01-09,2025-01-24,,Open
CA0224,INC0224,SUP024,Process Improvement,2025-02-21,2025-03-07,,Open
CA0225,INC0225,SUP018,Supplier Investigation,2026-02-20,2026-02-28,,Open
CA0226,INC0226,SUP002,Process Improvement,2025-07-07,2025-07-28,2025-07-20,Closed
CA0227,INC0227,SUP034,Additional Inspection,2026-04-07,2026-05-06,,Open
CA0228,INC0228,SUP029,Root Cause Analysis,2026-09-09,2026-09-20,,In Progress
CA0229,INC0229,SUP025,Process Improvement,2025-02-22,2025-03-24,,In Progress
CA0230,INC0230,SUP032,Product Hold,2026-09-08,2026-10-07,,In Progress
CA0231,INC0231,SUP042,Additional Inspection,2026-06-06,2026-06-17,2026-06-08,Closed
CA0232,INC0232,SUP012,Process Improvement,2026-07-27,2026-08-10,,In Progress
CA0233,INC0233,SUP025,Root Cause Analysis,2026-06-06,2026-06-27,,Open
CA0234,INC0234,SUP018,Product Hold,2025-03-30,2025-04-23,,Open
CA0235,INC0235,SUP010,Product Hold,2026-07-13,2026-07-23,2026-07-23,Closed
CA0236,INC0236,SUP021,Process Improvement,2026-04-15,2026-05-10,2026-05-07,Closed
CA0237,INC0237,SUP025,Staff Training,2025-02-23,2025-03-24,,Open
CA0238,INC0238,SUP050,Root Cause Analysis,2026-04-08,2026-05-04,,Open
CA0239,INC0239,SUP046,Additional Inspection,2026-03-18,2026-04-01,,Open
CA0240,INC0240,SUP028,Additional Inspection,2026-03-31,2026-04-07,,Open
CA0241,INC0241,SUP018,Supplier Investigation,2025-08-11,2025-08-23,,In Progress
CA0242,INC0242,SUP042,Staff Training,2025-09-06,2025-10-05,,In Progress
CA0243,INC0243,SUP049,Product Hold,2025-10-10,2025-10-19,2025-10-11,Closed
CA0244,INC0244,SUP046,Product Hold,2025-10-23,2025-11-14,,In Progress
CA0245,INC0245,SUP035,Root Cause Analysis,2025-07-12,2025-07-24,,In Progress
CA0246,INC0246,SUP025,Additional Inspection,2026-05-04,2026-05-25,,Open
CA0247,INC0247,SUP014,Root Cause Analysis,2025-12-17,2026-01-03,,In Progress
CA0248,INC0248,SUP024,Process Improvement,2025-07-21,2025-08-02,,In Progress
CA0249,INC0249,SUP007,Supplier Investigation,2026-06-22,2026-07-22,,In Progress
CA0250,INC0250,SUP026,Supplier Investigation,2025-01-31,2025-02-21,,Open
