inspection_id,supplier_id,inspection_date,inspection_type,compliance_score,result,major_findings
INS0001,SUP050,2026-04-22,Food Safety,67,Fail,2
INS0002,SUP028,2025-11-11,Food Safety,83,Pass,1
INS0003,SUP002,2025-12-12,Hygiene,75,Fail,0
INS0004,SUP043,2026-09-08,Regulatory,83,Pass,4
INS0005,SUP034,2026-08-13,Food Safety,90,Pass,2
INS0006,SUP012,2025-02-21,Food Safety,63,Fail,0
INS0007,SUP045,2025-09-12,Regulatory,87,Pass,3
INS0008,SUP015,2025-11-27,Hygiene,61,Fail,0
INS0009,SUP034,2025-03-06,Supplier Audit,82,Pass,4
INS0010,SUP014,2025-01-02,Supplier Audit,60,Fail,0
INS0011,SUP025,2026-03-22,Hygiene,91,Pass,1
INS0012,SUP026,2025-01-20,Regulatory,87,Pass,2
INS0013,SUP010,2025-11-26,Supplier Audit,79,Fail,1
INS0014,SUP013,2025-07-18,Hygiene,94,Pass,5
INS0015,SUP005,2025-08-18,Food Safety,94,Pass,2
INS0016,SUP042,2025-09-06,Supplier Audit,93,Pass,3
INS0017,SUP008,2026-07-03,Regulatory,72,Fail,4
INS0018,SUP049,2026-05-30,Food Safety,72,Fail,5
INS0019,SUP007,2026-05-29,Food Safety,71,Fail,3
INS0020,SUP014,2025-04-21,Supplier Audit,69,Fail,5
INS0021,SUP043,2025-03-13,Hygiene,63,Fail,2
INS0022,SUP032,2026-03-24,Regulatory,69,Fail,2
INS0023,SUP020,2026-02-21,Regulatory,82,Pass,3
INS0024,SUP049,2026-01-25,Quality,61,Fail,3
INS0025,SUP001,2025-01-28,Hygiene,82,Pass,0
INS0026,SUP035,2025-10-22,Regulatory,85,Pass,4
INS0027,SUP049,2025-07-03,Regulatory,91,Pass,2
INS0028,SUP005,2025-11-11,Quality,77,Fail,5
INS0029,SUP025,2025-01-13,Food Safety,82,Pass,1
INS0030,SUP012,2025-06-01,Supplier Audit,67,Fail,2
INS0031,SUP032,2026-08-28,Regulatory,70,Fail,2
INS0032,SUP028,2026-02-14,Food Safety,89,Pass,0
INS0033,SUP033,2026-01-04,Food Safety,91,Pass,3
INS0034,SUP023,2025-12-09,Quality,64,Fail,1
INS0035,SUP045,2025-04-07,Regulatory,97,Pass,3
INS0036,SUP048,2025-08-24,Supplier Audit,61,Fail,0
INS0037,SUP025,2026-06-12,Quality,60,Fail,4
INS0038,SUP014,2025-08-21,Hygiene,75,Fail,0
INS0039,SUP031,2025-03-29,Food Safety,83,Pass,2
INS0040,SUP049,2025-07-20,Hygiene,77,Fail,4
INS0041,SUP009,2025-02-11,Hygiene,66,Fail,5
INS0042,SUP017,2025-09-25,Quality,76,Fail,2
INS0043,SUP048,2026-03-20,Hygiene,60,Fail,3
INS0044,SUP026,2026-08-26,Quality,86,Pass,0
INS0045,SUP021,2026-03-15,Food Safety,86,Pass,5
INS0046,SUP026,2025-08-06,Supplier Audit,71,Fail,0
INS0047,SUP019,2025-03-24,Food Safety,67,Fail,4
INS0048,SUP001,2025-07-08,Food Safety,81,Pass,0
INS0049,SUP004,2025-02-03,Hygiene,90,Pass,2
INS0050,SUP035,2025-09-11,Food Safety,65,Fail,1
INS0051,SUP041,2025-08-20,Food Safety,78,Fail,4
INS0052,SUP023,2026-04-05,Regulatory,95,Pass,2
INS0053,SUP038,2026-04-09,Supplier Audit,74,Fail,2
INS0054,SUP042,2025-07-09,Quality,82,Pass,2
INS0055,SUP025,2026-09-08,Hygiene,75,Fail,3
INS0056,SUP003,2025-08-04,Food Safety,97,Pass,1
INS0057,SUP015,2025-01-18,Quality,86,Pass,0
INS0058,SUP033,2026-07-30,Hygiene,72,Fail,2
INS0059,SUP035,2025-07-01,Food Safety,89,Pass,0
INS0060,SUP016,2025-10-06,Regulatory,79,Fail,2
INS0061,SUP020,2026-04-17,Quality,69,Fail,3
INS0062,SUP044,2026-04-25,Supplier Audit,74,Fail,2
INS0063,SUP031,2025-04-02,Regulatory,87,Pass,4
INS0064,SUP026,2026-02-10,Regulatory,94,Pass,1
INS0065,SUP031,2025-05-27,Quality,90,Pass,0
INS0066,SUP039,2025-10-18,Supplier Audit,83,Pass,1
INS0067,SUP028,2025-12-08,Regulatory,85,Pass,5
INS0068,SUP024,2026-02-11,Regulatory,81,Pass,3
INS0069,SUP029,2026-09-15,Food Safety,65,Fail,1
INS0070,SUP049,2026-01-05,Hygiene,72,Fail,1
INS0071,SUP025,2026-02-03,Hygiene,78,Fail,4
INS0072,SUP016,2026-06-27,Regulatory,99,Pass,5
INS0073,SUP025,2025-07-11,Food Safety,90,Pass,5
INS0074,SUP028,2025-12-17,Regulatory,71,Fail,5
INS0075,SUP044,2026-07-02,Regulatory,61,Fail,5
INS0076,SUP003,2025-05-04,Food Safety,99,Pass,4
INS0077,SUP014,2025-08-11,Hygiene,92,Pass,5
INS0078,SUP008,2025-10-05,Quality,74,Fail,3
INS0079,SUP043,2026-01-25,Supplier Audit,98,Pass,5
INS0080,SUP024,2025-09-14,Hygiene,63,Fail,2
INS0081,SUP040,2025-05-02,Food Safety,76,Fail,5
INS0082,SUP042,2026-07-27,Supplier Audit,67,Fail,4
INS0083,SUP025,2026-01-07,Quality,69,Fail,0
INS0084,SUP024,2025-03-09,Food Safety,85,Pass,5
INS0085,SUP044,2026-05-28,Hygiene,73,Fail,4
INS0086,SUP025,2025-09-22,Regulatory,81,Pass,2
INS0087,SUP008,2025-08-11,Regulatory,64,Fail,1
INS0088,SUP035,2026-04-12,Food Safety,99,Pass,5
INS0089,SUP036,2025-05-10,Hygiene,86,Pass,4
INS0090,SUP001,2025-10-29,Regulatory,70,Fail,3
INS0091,SUP003,2025-04-29,Supplier Audit,96,Pass,0
INS0092,SUP027,2026-07-10,Quality,93,Pass,3
INS0093,SUP025,2025-05-31,Quality,86,Pass,3
INS0094,SUP040,2025-02-24,Regulatory,65,Fail,2
INS0095,SUP027,2025-05-07,Hygiene,78,Fail,5
INS0096,SUP013,2026-03-16,Food Safety,94,Pass,2
INS0097,SUP017,2026-01-02,Regulatory,86,Pass,5
INS0098,SUP042,2025-04-30,Food Safety,70,Fail,1
INS0099,SUP043,2025-02-25,Hygiene,64,Fail,2
INS0100,SUP026,2026-03-30,Supplier Audit,90,Pass,5
INS0101,SUP050,2025-08-02,Food Safety,83,Pass,4
INS0102,SUP048,2025-04-19,Regulatory,90,Pass,2
INS0103,SUP014,2026-01-03,Supplier Audit,79,Fail,0
INS0104,SUP038,2025-08-30,Hygiene,94,Pass,1
INS0105,SUP014,2025-05-01,Supplier Audit,93,Pass,2
INS0106,SUP025,2026-08-04,Food Safety,63,Fail,2
INS0107,SUP021,2025-11-01,Regulatory,95,Pass,0
INS0108,SUP023,2025-10-22,Food Safety,84,Pass,5
INS0109,SUP034,2025-02-24,Regulatory,66,Fail,2
INS0110,SUP032,2026-01-24,Hygiene,75,Fail,5
INS0111,SUP030,2025-02-21,Regulatory,95,Pass,4
INS0112,SUP017,2026-02-11,Supplier Audit,87,Pass,1
INS0113,SUP024,2025-12-08,Supplier Audit,73,Fail,1
INS0114,SUP029,2025-12-14,Regulatory,76,Fail,2
INS0115,SUP026,2025-09-30,Regulatory,67,Fail,1
INS0116,SUP021,2026-03-14,Hygiene,81,Pass,3
INS0117,SUP049,2025-01-01,Supplier Audit,80,Pass,1
INS0118,SUP029,2025-04-03,Hygiene,65,Fail,3
INS0119,SUP032,2026-02-24,Regulatory,76,Fail,4
INS0120,SUP047,2025-02-04,Supplier Audit,61,Fail,2
INS0121,SUP032,2025-10-21,Quality,98,Pass,0
INS0122,SUP032,2026-02-21,Food Safety,71,Fail,0
INS0123,SUP034,2026-04-17,Food Safety,70,Fail,4
INS0124,SUP045,2025-02-07,Quality,100,Pass,2
INS0125,SUP030,2025-05-01,Supplier Audit,94,Pass,0
INS0126,SUP022,2025-01-29,Food Safety,90,Pass,0
INS0127,SUP007,2025-12-16,Hygiene,78,Fail,1
INS0128,SUP031,2025-02-23,Supplier Audit,70,Fail,5
INS0129,SUP007,2026-09-04,Food Safety,66,Fail,0
INS0130,SUP006,2025-01-06,Quality,83,Pass,4
INS0131,SUP015,2026-08-31,Quality,60,Fail,1
INS0132,SUP023,2026-03-07,Hygiene,62,Fail,1
INS0133,SUP039,2026-01-03,Food Safety,76,Fail,4
INS0134,SUP040,2026-04-23,Hygiene,79,Fail,3
INS0135,SUP026,2026-01-11,Quality,92,Pass,5
INS0136,SUP032,2025-04-08,Hygiene,93,Pass,0
INS0137,SUP009,2025-01-31,Supplier Audit,89,Pass,1
INS0138,SUP006,2025-08-14,Quality,99,Pass,2
INS0139,SUP002,2025-09-24,Quality,73,Fail,0
INS0140,SUP020,2026-02-14,Regulatory,60,Fail,2
INS0141,SUP032,2026-01-05,Food Safety,87,Pass,2
INS0142,SUP006,2025-07-07,Supplier Audit,75,Fail,3
INS0143,SUP044,2026-06-09,Hygiene,76,Fail,0
INS0144,SUP046,2025-01-27,Hygiene,99,Pass,1
INS0145,SUP007,2026-04-22,Supplier Audit,92,Pass,4
INS0146,SUP026,2025-01-24,Food Safety,99,Pass,0
INS0147,SUP021,2025-11-04,Supplier Audit,73,Fail,1
INS0148,SUP045,2025-12-10,Food Safety,70,Fail,2
INS0149,SUP016,2025-12-27,Supplier Audit,93,Pass,2
INS0150,SUP036,2026-05-23,Regulatory,84,Pass,1
INS0151,SUP011,2025-06-16,Hygiene,81,Pass,3
INS0152,SUP021,2025-11-13,Supplier Audit,89,Pass,2
INS0153,SUP007,2025-04-11,Food Safety,61,Fail,4
INS0154,SUP031,2025-05-12,Food Safety,61,Fail,2
INS0155,SUP001,2026-08-20,Supplier Audit,81,Pass,3
INS0156,SUP002,2025-10-30,Supplier Audit,72,Fail,4
INS0157,SUP034,2025-03-23,Hygiene,74,Fail,4
INS0158,SUP016,2025-09-15,Quality,65,Fail,4
INS0159,SUP005,2025-12-08,Supplier Audit,76,Fail,2
INS0160,SUP010,2025-11-07,Quality,92,Pass,5
INS0161,SUP033,2025-10-09,Regulatory,67,Fail,1
INS0162,SUP008,2025-05-10,Supplier Audit,84,Pass,2
INS0163,SUP049,2025-04-16,Quality,87,Pass,5
INS0164,SUP049,2025-01-02,Hygiene,62,Fail,4
INS0165,SUP016,2025-10-29,Supplier Audit,83,Pass,4
INS0166,SUP032,2025-01-27,Quality,93,Pass,5
INS0167,SUP048,2026-09-14,Hygiene,100,Pass,5
INS0168,SUP030,2026-08-23,Quality,87,Pass,0
INS0169,SUP022,2025-11-11,Food Safety,95,Pass,3
INS0170,SUP007,2026-02-04,Hygiene,91,Pass,1
INS0171,SUP003,2026-06-20,Hygiene,61,Fail,2
INS0172,SUP017,2025-09-20,Supplier Audit,94,Pass,3
INS0173,SUP006,2025-03-26,Supplier Audit,78,Fail,5
INS0174,SUP046,2026-02-10,Quality,72,Fail,3
INS0175,SUP028,2025-12-21,Supplier Audit,69,Fail,2
INS0176,SUP029,2025-02-08,Supplier Audit,61,Fail,1
INS0177,SUP043,2025-09-22,Supplier Audit,69,Fail,4
INS0178,SUP020,2025-04-29,Supplier Audit,82,Pass,5
INS0179,SUP044,2025-07-11,Hygiene,70,Fail,5
INS0180,SUP009,2025-03-21,Quality,95,Pass,5
INS0181,SUP001,2025-06-30,Quality,71,Fail,5
INS0182,SUP004,2026-02-26,Quality,92,Pass,4
INS0183,SUP007,2026-09-11,Hygiene,94,Pass,2
INS0184,SUP025,2025-02-17,Supplier Audit,97,Pass,2
INS0185,SUP001,2026-04-13,Quality,78,Fail,2
INS0186,SUP010,2025-12-07,Supplier Audit,94,Pass,4
INS0187,SUP035,2025-11-18,Supplier Audit,61,Fail,1
INS0188,SUP014,2025-09-17,Regulatory,67,Fail,0
INS0189,SUP024,2026-08-15,Food Safety,62,Fail,1
INS0190,SUP003,2026-05-24,Food Safety,87,Pass,3
INS0191,SUP007,2025-02-05,Quality,75,Fail,4
INS0192,SUP048,2026-02-15,Food Safety,93,Pass,5
INS0193,SUP019,2026-01-15,Supplier Audit,79,Fail,2
INS0194,SUP026,2026-02-13,Regulatory,74,Fail,5
INS0195,SUP047,2025-02-26,Supplier Audit,83,Pass,5
INS0196,SUP008,2025-08-10,Hygiene,99,Pass,1
INS0197,SUP034,2026-09-13,Food Safety,80,Pass,0
INS0198,SUP036,2025-04-06,Hygiene,86,Pass,4
INS0199,SUP017,2025-06-12,Supplier Audit,92,Pass,0
INS0200,SUP013,2025-12-08,Hygiene,81,Pass,3
INS0201,SUP047,2025-03-17,Food Safety,87,Pass,1
INS0202,SUP037,2026-03-14,Supplier Audit,81,Pass,2
INS0203,SUP035,2025-08-17,Hygiene,76,Fail,1
INS0204,SUP027,2025-06-19,Quality,61,Fail,5
INS0205,SUP017,2026-04-29,Food Safety,76,Fail,0
INS0206,SUP044,2025-10-21,Supplier Audit,97,Pass,5
INS0207,SUP009,2026-05-06,Quality,82,Pass,3
INS0208,SUP017,2025-01-03,Food Safety,70,Fail,5
INS0209,SUP050,2026-05-21,Quality,79,Fail,4
INS0210,SUP050,2026-02-07,Hygiene,84,Pass,1
INS0211,SUP022,2025-10-23,Hygiene,89,Pass,5
INS0212,SUP003,2025-05-30,Hygiene,71,Fail,1
INS0213,SUP007,2025-05-31,Supplier Audit,79,Fail,4
INS0214,SUP012,2025-05-17,Quality,84,Pass,0
INS0215,SUP032,2025-05-12,Food Safety,84,Pass,3
INS0216,SUP020,2025-09-20,Regulatory,60,Fail,0
INS0217,SUP030,2025-10-19,Food Safety,60,Fail,4
INS0218,SUP006,2025-03-31,Hygiene,74,Fail,2
INS0219,SUP007,2026-08-18,Quality,84,Pass,0
INS0220,SUP027,2025-08-26,Food Safety,98,Pass,4
INS0221,SUP006,2025-04-08,Regulatory,69,Fail,3
INS0222,SUP028,2025-01-22,Hygiene,91,Pass,4
INS0223,SUP011,2025-07-11,Supplier Audit,84,Pass,4
INS0224,SUP018,2026-03-08,Regulatory,86,Pass,0
INS0225,SUP039,2025-06-12,Hygiene,89,Pass,0
INS0226,SUP009,2025-10-14,Regulatory,85,Pass,5
INS0227,SUP006,2026-08-11,Food Safety,82,Pass,5
INS0228,SUP039,2025-01-24,Supplier Audit,81,Pass,1
INS0229,SUP029,2026-02-28,Quality,88,Pass,2
INS0230,SUP003,2026-04-21,Food Safety,65,Fail,4
INS0231,SUP029,2026-02-27,Quality,88,Pass,0
INS0232,SUP025,2025-12-06,Hygiene,62,Fail,3
INS0233,SUP039,2025-06-09,Quality,64,Fail,3
INS0234,SUP035,2026-06-19,Regulatory,94,Pass,0
INS0235,SUP017,2025-08-14,Regulatory,99,Pass,5
INS0236,SUP026,2025-11-20,Food Safety,72,Fail,2
INS0237,SUP005,2026-03-30,Regulatory,63,Fail,4
INS0238,SUP019,2025-01-15,Supplier Audit,84,Pass,0
INS0239,SUP023,2026-04-21,Hygiene,91,Pass,3
INS0240,SUP049,2025-07-20,Supplier Audit,96,Pass,1
INS0241,SUP016,2025-08-20,Hygiene,82,Pass,2
INS0242,SUP042,2025-02-09,Food Safety,74,Fail,0
INS0243,SUP020,2026-08-23,Regulatory,94,Pass,2
INS0244,SUP044,2026-08-01,Quality,94,Pass,3
INS0245,SUP038,2025-10-04,Supplier Audit,69,Fail,2
INS0246,SUP032,2025-06-28,Food Safety,81,Pass,4
INS0247,SUP007,2025-03-28,Supplier Audit,73,Fail,3
INS0248,SUP038,2025-11-10,Quality,62,Fail,2
INS0249,SUP038,2025-10-31,Supplier Audit,83,Pass,0
INS0250,SUP042,2025-11-06,Regulatory,69,Fail,1
INS0251,SUP023,2025-09-15,Supplier Audit,99,Pass,0
INS0252,SUP040,2026-09-18,Food Safety,90,Pass,4
INS0253,SUP021,2025-03-24,Regulatory,78,Fail,2
INS0254,SUP034,2025-08-05,Food Safety,71,Fail,1
INS0255,SUP001,2025-12-13,Hygiene,82,Pass,2
INS0256,SUP016,2026-06-30,Supplier Audit,80,Pass,0
INS0257,SUP030,2025-02-13,Food Safety,81,Pass,1
INS0258,SUP037,2025-03-29,Quality,93,Pass,4
INS0259,SUP035,2026-04-14,Food Safety,93,Pass,2
INS0260,SUP033,2026-02-12,Supplier Audit,93,Pass,1
INS0261,SUP045,2026-02-15,Quality,75,Fail,5
INS0262,SUP046,2025-09-10,Food Safety,60,Fail,5
INS0263,SUP045,2025-12-28,Quality,67,Fail,1
INS0264,SUP048,2026-05-10,Hygiene,65,Fail,4
INS0265,SUP034,2026-09-12,Hygiene,91,Pass,4
INS0266,SUP009,2025-01-03,Quality,76,Fail,4
INS0267,SUP037,2026-01-05,Quality,61,Fail,5
INS0268,SUP011,2025-02-13,Quality,97,Pass,4
INS0269,SUP003,2025-08-14,Quality,100,Pass,2
INS0270,SUP020,2025-05-02,Hygiene,74,Fail,5
INS0271,SUP006,2026-03-07,Regulatory,100,Pass,1
INS0272,SUP025,2025-02-07,Supplier Audit,61,Fail,1
INS0273,SUP022,2026-01-21,Supplier Audit,90,Pass,4
INS0274,SUP015,2025-06-03,Regulatory,61,Fail,0
INS0275,SUP048,2025-07-20,Supplier Audit,72,Fail,5
INS0276,SUP029,2025-06-17,Quality,75,Fail,3
INS0277,SUP020,2025-04-01,Quality,76,Fail,0
INS0278,SUP031,2025-02-20,Quality,87,Pass,3
INS0279,SUP006,2026-09-19,Supplier Audit,100,Pass,2
INS0280,SUP043,2025-03-09,Supplier Audit,82,Pass,0
INS0281,SUP037,2025-12-29,Quality,63,Fail,5
INS0282,SUP003,2025-03-18,Supplier Audit,79,Fail,2
INS0283,SUP032,2025-06-11,Supplier Audit,64,Fail,5
INS0284,SUP011,2025-06-08,Hygiene,62,Fail,1
INS0285,SUP026,2025-01-20,Hygiene,84,Pass,2
INS0286,SUP038,2026-08-28,Supplier Audit,70,Fail,4
INS0287,SUP041,2025-03-11,Hygiene,68,Fail,5
INS0288,SUP018,2025-10-19,Hygiene,64,Fail,0
INS0289,SUP020,2025-09-28,Regulatory,96,Pass,5
INS0290,SUP002,2025-12-22,Regulatory,97,Pass,4
INS0291,SUP032,2025-03-31,Hygiene,90,Pass,1
INS0292,SUP013,2025-04-06,Supplier Audit,77,Fail,1
INS0293,SUP039,2026-03-07,Supplier Audit,85,Pass,3
INS0294,SUP012,2025-02-05,Food Safety,70,Fail,1
INS0295,SUP027,2025-04-08,Quality,62,Fail,1
INS0296,SUP021,2025-05-29,Supplier Audit,95,Pass,5
INS0297,SUP042,2026-09-07,Regulatory,80,Pass,2
INS0298,SUP039,2025-07-08,Food Safety,86,Pass,5
INS0299,SUP014,2026-05-20,Food Safety,70,Fail,5
INS0300,SUP004,2025-08-09,Regulatory,85,Pass,5
INS0301,SUP047,2025-06-28,Quality,83,Pass,3
INS0302,SUP041,2025-01-04,Hygiene,79,Fail,3
INS0303,SUP031,2026-09-02,Regulatory,78,Fail,0
INS0304,SUP019,2025-08-12,Hygiene,76,Fail,3
INS0305,SUP050,2026-03-15,Hygiene,87,Pass,2
INS0306,SUP028,2025-03-24,Food Safety,90,Pass,3
INS0307,SUP029,2025-06-05,Food Safety,97,Pass,2
INS0308,SUP020,2025-05-09,Quality,87,Pass,3
INS0309,SUP020,2026-04-30,Food Safety,76,Fail,2
INS0310,SUP039,2026-01-05,Food Safety,69,Fail,5
INS0311,SUP049,2026-05-21,Supplier Audit,75,Fail,5
INS0312,SUP048,2025-05-02,Quality,82,Pass,3
INS0313,SUP031,2026-09-16,Supplier Audit,63,Fail,2
INS0314,SUP003,2025-08-27,Quality,74,Fail,5
INS0315,SUP013,2025-06-19,Hygiene,70,Fail,2
INS0316,SUP038,2026-07-26,Supplier Audit,84,Pass,3
INS0317,SUP033,2026-01-13,Food Safety,99,Pass,3
INS0318,SUP018,2026-06-01,Food Safety,86,Pass,5
INS0319,SUP027,2025-09-01,Regulatory,100,Pass,4
INS0320,SUP035,2025-09-22,Quality,70,Fail,4
INS0321,SUP029,2026-02-16,Hygiene,77,Fail,5
INS0322,SUP032,2026-05-10,Regulatory,76,Fail,3
INS0323,SUP018,2025-11-06,Hygiene,86,Pass,2
INS0324,SUP036,2026-05-31,Regulatory,88,Pass,3
INS0325,SUP016,2025-11-23,Regulatory,69,Fail,4
INS0326,SUP026,2026-09-01,Regulatory,63,Fail,0
INS0327,SUP009,2025-10-01,Quality,80,Pass,2
INS0328,SUP001,2025-06-25,Food Safety,63,Fail,4
INS0329,SUP001,2025-12-11,Regulatory,69,Fail,0
INS0330,SUP020,2025-03-21,Hygiene,72,Fail,0
INS0331,SUP002,2026-07-14,Food Safety,72,Fail,1
INS0332,SUP042,2026-05-01,Food Safety,70,Fail,0
INS0333,SUP020,2025-10-02,Food Safety,70,Fail,3
INS0334,SUP011,2025-08-13,Supplier Audit,65,Fail,1
INS0335,SUP024,2026-06-13,Hygiene,81,Pass,4
INS0336,SUP016,2026-07-18,Regulatory,100,Pass,2
INS0337,SUP048,2026-07-06,Regulatory,95,Pass,2
INS0338,SUP001,2025-01-22,Regulatory,78,Fail,5
INS0339,SUP049,2026-08-04,Food Safety,73,Fail,4
INS0340,SUP046,2025-07-01,Supplier Audit,63,Fail,1
INS0341,SUP040,2025-11-07,Food Safety,73,Fail,3
INS0342,SUP040,2025-08-08,Regulatory,88,Pass,5
INS0343,SUP016,2026-02-10,Food Safety,82,Pass,2
INS0344,SUP035,2025-05-12,Food Safety,67,Fail,3
INS0345,SUP011,2026-06-30,Hygiene,99,Pass,3
INS0346,SUP048,2025-06-03,Regulatory,61,Fail,1
INS0347,SUP050,2025-02-15,Regulatory,74,Fail,4
INS0348,SUP007,2025-08-07,Quality,90,Pass,5
INS0349,SUP002,2025-11-28,Hygiene,63,Fail,4
INS0350,SUP018,2026-02-04,Hygiene,75,Fail,4
INS0351,SUP049,2026-01-29,Quality,74,Fail,2
INS0352,SUP025,2025-08-11,Hygiene,70,Fail,4
INS0353,SUP019,2025-12-10,Regulatory,94,Pass,5
INS0354,SUP010,2025-03-20,Supplier Audit,63,Fail,2
INS0355,SUP015,2025-09-15,Hygiene,93,Pass,1
INS0356,SUP002,2026-01-18,Hygiene,91,Pass,1
INS0357,SUP015,2025-08-02,Supplier Audit,81,Pass,2
INS0358,SUP025,2025-05-29,Hygiene,94,Pass,1
INS0359,SUP032,2026-05-14,Hygiene,85,Pass,1
INS0360,SUP018,2025-08-18,Hygiene,95,Pass,1
INS0361,SUP018,2025-07-23,Quality,63,Fail,5
INS0362,SUP006,2025-08-01,Regulatory,82,Pass,2
INS0363,SUP049,2026-05-21,Hygiene,98,Pass,0
INS0364,SUP014,2026-09-19,Regulatory,86,Pass,1
INS0365,SUP024,2025-03-17,Supplier Audit,85,Pass,1
INS0366,SUP006,2026-02-20,Supplier Audit,63,Fail,2
INS0367,SUP023,2026-06-26,Hygiene,94,Pass,5
INS0368,SUP004,2026-07-14,Food Safety,67,Fail,1
INS0369,SUP028,2026-04-27,Supplier Audit,71,Fail,4
INS0370,SUP040,2025-02-24,Regulatory,88,Pass,1
INS0371,SUP017,2025-03-21,Regulatory,95,Pass,4
INS0372,SUP032,2025-01-04,Hygiene,74,Fail,4
INS0373,SUP023,2025-09-07,Hygiene,96,Pass,1
INS0374,SUP014,2026-06-12,Hygiene,66,Fail,0
INS0375,SUP045,2026-02-03,Supplier Audit,63,Fail,3
INS0376,SUP020,2025-04-22,Food Safety,85,Pass,2
INS0377,SUP025,2026-05-04,Food Safety,92,Pass,3
INS0378,SUP046,2025-08-14,Supplier Audit,95,Pass,0
INS0379,SUP028,2026-02-06,Hygiene,82,Pass,4
INS0380,SUP012,2026-09-07,Supplier Audit,98,Pass,0
INS0381,SUP023,2026-02-12,Quality,99,Pass,2
INS0382,SUP026,2025-11-03,Food Safety,88,Pass,5
INS0383,SUP038,2025-07-22,Hygiene,92,Pass,4
INS0384,SUP012,2026-05-26,Supplier Audit,85,Pass,0
INS0385,SUP034,2025-06-24,Quality,69,Fail,4
INS0386,SUP037,2026-04-15,Hygiene,77,Fail,0
INS0387,SUP035,2025-03-23,Hygiene,80,Pass,2
INS0388,SUP046,2026-03-13,Quality,68,Fail,2
INS0389,SUP050,2026-08-13,Quality,65,Fail,2
INS0390,SUP013,2026-02-14,Quality,62,Fail,4
INS0391,SUP008,2025-06-16,Quality,74,Fail,2
INS0392,SUP047,2025-07-27,Supplier Audit,82,Pass,3
INS0393,SUP050,2026-08-27,Food Safety,70,Fail,4
INS0394,SUP005,2026-09-09,Hygiene,99,Pass,1
INS0395,SUP004,2025-11-08,Quality,68,Fail,3
INS0396,SUP021,2026-02-15,Regulatory,82,Pass,3
INS0397,SUP035,2025-03-10,Hygiene,80,Pass,2
INS0398,SUP009,2025-05-16,Quality,64,Fail,4
INS0399,SUP042,2026-08-06,Hygiene,83,Pass,1
INS0400,SUP023,2025-07-21,Regulatory,83,Pass,3
INS0401,SUP031,2025-12-21,Regulatory,93,Pass,2
INS0402,SUP047,2025-06-16,Hygiene,73,Fail,0
INS0403,SUP011,2025-01-09,Food Safety,67,Fail,3
INS0404,SUP026,2026-04-19,Food Safety,66,Fail,5
INS0405,SUP043,2026-01-19,Hygiene,80,Pass,0
INS0406,SUP050,2025-08-29,Hygiene,84,Pass,4
INS0407,SUP022,2025-12-27,Hygiene,74,Fail,1
INS0408,SUP011,2025-07-15,Food Safety,68,Fail,4
INS0409,SUP013,2026-04-21,Food Safety,64,Fail,5
INS0410,SUP023,2025-10-10,Quality,91,Pass,3
INS0411,SUP035,2026-06-24,Quality,76,Fail,3
INS0412,SUP017,2025-06-24,Regulatory,91,Pass,3
INS0413,SUP007,2026-03-05,Regulatory,93,Pass,0
INS0414,SUP027,2026-07-26,Supplier Audit,80,Pass,5
INS0415,SUP018,2025-11-15,Quality,85,Pass,3
INS0416,SUP001,2025-02-11,Supplier Audit,86,Pass,3
INS0417,SUP025,2025-08-07,Hygiene,97,Pass,3
INS0418,SUP036,2025-11-23,Hygiene,62,Fail,1
INS0419,SUP005,2026-01-13,Hygiene,98,Pass,4
INS0420,SUP026,2026-06-28,Regulatory,67,Fail,3
INS0421,SUP010,2025-01-09,Food Safety,75,Fail,0
INS0422,SUP005,2025-07-09,Regulatory,71,Fail,3
INS0423,SUP042,2025-10-03,Regulatory,93,Pass,5
INS0424,SUP035,2025-01-06,Food Safety,73,Fail,3
INS0425,SUP019,2025-08-13,Regulatory,63,Fail,0
INS0426,SUP050,2026-02-04,Regulatory,80,Pass,3
INS0427,SUP023,2025-03-13,Quality,93,Pass,1
INS0428,SUP012,2025-08-30,Quality,94,Pass,0
INS0429,SUP006,2025-10-24,Quality,60,Fail,5
INS0430,SUP019,2026-05-28,Quality,78,Fail,1
INS0431,SUP038,2025-04-24,Supplier Audit,93,Pass,4
INS0432,SUP010,2025-05-25,Supplier Audit,95,Pass,5
INS0433,SUP010,2025-06-18,Food Safety,67,Fail,4
INS0434,SUP031,2026-07-17,Hygiene,88,Pass,1
INS0435,SUP042,2025-03-25,Quality,64,Fail,3
INS0436,SUP030,2026-08-26,Supplier Audit,84,Pass,2
INS0437,SUP025,2026-01-29,Food Safety,66,Fail,5
INS0438,SUP033,2026-03-20,Hygiene,79,Fail,5
INS0439,SUP019,2025-11-26,Supplier Audit,93,Pass,4
INS0440,SUP020,2025-08-02,Food Safety,81,Pass,4
INS0441,SUP004,2026-04-13,Food Safety,67,Fail,3
INS0442,SUP040,2026-03-27,Quality,64,Fail,0
INS0443,SUP034,2026-06-09,Regulatory,89,Pass,0
INS0444,SUP011,2026-05-12,Quality,85,Pass,5
INS0445,SUP027,2026-02-23,Hygiene,93,Pass,1
INS0446,SUP009,2026-05-18,Regulatory,75,Fail,5
INS0447,SUP034,2026-02-04,Food Safety,73,Fail,4
INS0448,SUP005,2025-01-27,Food Safety,91,Pass,3
INS0449,SUP030,2025-12-19,Hygiene,81,Pass,4
INS0450,SUP015,2025-08-06,Quality,99,Pass,2
INS0451,SUP005,2026-04-21,Quality,83,Pass,4
INS0452,SUP029,2025-11-21,Regulatory,98,Pass,5
INS0453,SUP011,2026-06-28,Supplier Audit,77,Fail,1
INS0454,SUP006,2025-01-17,Hygiene,74,Fail,1
INS0455,SUP002,2025-04-14,Regulatory,69,Fail,5
INS0456,SUP008,2025-04-07,Supplier Audit,69,Fail,1
INS0457,SUP014,2025-03-23,Food Safety,62,Fail,4
INS0458,SUP031,2025-07-23,Hygiene,78,Fail,4
INS0459,SUP042,2026-07-16,Supplier Audit,96,Pass,3
INS0460,SUP034,2025-01-31,Supplier Audit,92,Pass,4
INS0461,SUP049,2025-09-15,Food Safety,74,Fail,2
INS0462,SUP023,2026-05-04,Hygiene,100,Pass,3
INS0463,SUP027,2025-08-12,Food Safety,73,Fail,0
INS0464,SUP020,2026-07-20,Food Safety,61,Fail,4
INS0465,SUP042,2026-09-16,Hygiene,87,Pass,0
INS0466,SUP037,2026-06-21,Supplier Audit,68,Fail,5
INS0467,SUP012,2025-11-01,Supplier Audit,89,Pass,4
INS0468,SUP022,2025-08-20,Hygiene,83,Pass,1
INS0469,SUP045,2025-12-27,Regulatory,79,Fail,2
INS0470,SUP030,2025-11-27,Regulatory,100,Pass,0
INS0471,SUP041,2026-03-30,Hygiene,80,Pass,2
INS0472,SUP021,2025-03-27,Regulatory,63,Fail,4
INS0473,SUP008,2025-06-29,Food Safety,88,Pass,1
INS0474,SUP046,2025-07-07,Quality,69,Fail,2
INS0475,SUP002,2025-07-09,Hygiene,82,Pass,4
INS0476,SUP045,2026-06-08,Supplier Audit,70,Fail,2
INS0477,SUP028,2025-02-13,Quality,99,Pass,3
INS0478,SUP001,2026-09-02,Regulatory,79,Fail,3
INS0479,SUP016,2025-02-02,Regulatory,91,Pass,4
INS0480,SUP026,2025-06-06,Food Safety,91,Pass,1
INS0481,SUP022,2025-02-23,Supplier Audit,62,Fail,3
INS0482,SUP029,2026-04-15,Food Safety,82,Pass,5
INS0483,SUP011,2025-01-11,Supplier Audit,82,Pass,0
INS0484,SUP005,2025-03-23,Supplier Audit,86,Pass,3
INS0485,SUP001,2025-03-09,Regulatory,86,Pass,2
INS0486,SUP010,2026-05-28,Food Safety,99,Pass,3
INS0487,SUP021,2026-05-26,Supplier Audit,74,Fail,5
INS0488,SUP042,2026-03-11,Quality,83,Pass,2
INS0489,SUP012,2025-08-24,Hygiene,87,Pass,0
INS0490,SUP022,2025-10-29,Regulatory,91,Pass,5
INS0491,SUP049,2025-11-29,Hygiene,70,Fail,3
INS0492,SUP009,2025-03-09,Regulatory,62,Fail,0
INS0493,SUP013,2026-05-06,Hygiene,62,Fail,2
INS0494,SUP018,2026-06-27,Quality,70,Fail,4
INS0495,SUP046,2025-04-09,Hygiene,73,Fail,4
INS0496,SUP036,2025-05-11,Quality,88,Pass,5
INS0497,SUP048,2025-06-09,Food Safety,82,Pass,4
INS0498,SUP049,2026-08-16,Food Safety,80,Pass,1
INS0499,SUP011,2025-07-14,Hygiene,64,Fail,5
INS0500,SUP021,2026-06-14,Regulatory,82,Pass,2
