product_id,product_name,category,supplier_id,allergen,status
PROD001,Product 1,Coffee,SUP046,Soy,Active
PROD002,Product 2,Food,SUP042,Wheat,Active
PROD003,Product 3,Syrup,SUP041,None,Inactive
PROD004,Product 4,Coffee,SUP031,Soy,Active
PROD005,Product 5,Bakery,SUP022,Milk,Active
PROD006,Product 6,Food,SUP046,Egg,Active
PROD007,Product 7,Beverage,SUP037,Milk,Active
PROD008,Product 8,Syrup,SUP008,Soy,Active
PROD009,Product 9,Dairy,SUP014,Milk,Active
PROD010,Product 10,Food,SUP034,Wheat,Active
PROD011,Product 11,Syrup,SUP046,Wheat,Active
PROD012,Product 12,Food,SUP025,Milk,Active
PROD013,Product 13,Beverage,SUP024,None,Active
PROD014,Product 14,Coffee,SUP003,None,Active
PROD015,Product 15,Produce,SUP012,Wheat,Active
PROD016,Product 16,Produce,SUP043,Milk,Active
PROD017,Product 17,Produce,SUP029,None,Active
PROD018,Product 18,Beverage,SUP029,None,Inactive
PROD019,Product 19,Syrup,SUP033,Egg,Active
PROD020,Product 20,Coffee,SUP010,Soy,Active
PROD021,Product 21,Dairy,SUP045,Milk,Inactive
PROD022,Product 22,Food,SUP027,Egg,Active
PROD023,Product 23,Syrup,SUP002,Nuts,Active
PROD024,Product 24,Syrup,SUP038,None,Inactive
PROD025,Product 25,Dairy,SUP007,Egg,Active
PROD026,Product 26,Produce,SUP039,Soy,Active
PROD027,Product 27,Dairy,SUP042,Egg,Active
PROD028,Product 28,Syrup,SUP042,Soy,Active
PROD029,Product 29,Coffee,SUP050,None,Active
PROD030,Product 30,Syrup,SUP006,Egg,Inactive
PROD031,Product 31,Syrup,SUP007,Wheat,Inactive
PROD032,Product 32,Food,SUP048,Egg,Active
PROD033,Product 33,Produce,SUP047,Milk,Active
PROD034,Product 34,Dairy,SUP008,Soy,Inactive
PROD035,Product 35,Bakery,SUP039,Soy,Active
PROD036,Product 36,Bakery,SUP043,None,Active
PROD037,Product 37,Produce,SUP004,Milk,Inactive
PROD038,Product 38,Bakery,SUP015,Milk,Active
PROD039,Product 39,Beverage,SUP025,Egg,Active
PROD040,Product 40,Bakery,SUP021,Wheat,Active
PROD041,Product 41,Produce,SUP012,None,Active
PROD042,Product 42,Syrup,SUP048,Egg,Active
PROD043,Product 43,Produce,SUP016,Milk,Inactive
PROD044,Product 44,Beverage,SUP037,Nuts,Active
PROD045,Product 45,Produce,SUP039,Milk,Active
PROD046,Product 46,Dairy,SUP004,Wheat,Active
PROD047,Product 47,Food,SUP018,None,Active
PROD048,Product 48,Coffee,SUP023,Nuts,Active
PROD049,Product 49,Syrup,SUP020,None,Active
PROD050,Product 50,Dairy,SUP046,Soy,Active
PROD051,Product 51,Food,SUP008,Milk,Active
PROD052,Product 52,Syrup,SUP017,Milk,Active
PROD053,Product 53,Food,SUP050,Egg,Active
PROD054,Product 54,Dairy,SUP040,None,Active
PROD055,Product 55,Produce,SUP039,Egg,Inactive
PROD056,Product 56,Coffee,SUP025,Nuts,Inactive
PROD057,Product 57,Syrup,SUP005,None,Active
PROD058,Product 58,Bakery,SUP033,None,Inactive
PROD059,Product 59,Produce,SUP038,Milk,Active
PROD060,Product 60,Bakery,SUP023,Wheat,Active
PROD061,Product 61,Bakery,SUP010,Egg,Active
PROD062,Product 62,Produce,SUP050,None,Active
PROD063,Product 63,Coffee,SUP041,Milk,Active
PROD064,Product 64,Food,SUP004,Wheat,Inactive
PROD065,Product 65,Coffee,SUP003,Wheat,Active
PROD066,Product 66,Food,SUP029,Egg,Active
PROD067,Product 67,Coffee,SUP027,Egg,Active
PROD068,Product 68,Coffee,SUP024,Wheat,Active
PROD069,Product 69,Syrup,SUP046,Egg,Active
PROD070,Product 70,Produce,SUP028,Soy,Active
PROD071,Product 71,Coffee,SUP012,Wheat,Active
PROD072,Product 72,Produce,SUP027,Soy,Active
PROD073,Product 73,Produce,SUP028,Soy,Active
PROD074,Product 74,Produce,SUP027,Nuts,Active
PROD075,Product 75,Produce,SUP024,Nuts,Inactive
PROD076,Product 76,Bakery,SUP034,Wheat,Active
PROD077,Product 77,Food,SUP017,Soy,Inactive
PROD078,Product 78,Food,SUP020,Milk,Active
PROD079,Product 79,Dairy,SUP034,None,Inactive
PROD080,Product 80,Dairy,SUP009,Wheat,Active
PROD081,Product 81,Coffee,SUP021,Milk,Active
PROD082,Product 82,Produce,SUP041,Wheat,Active
PROD083,Product 83,Beverage,SUP002,Nuts,Active
PROD084,Product 84,Food,SUP021,None,Active
PROD085,Product 85,Beverage,SUP024,None,Inactive
PROD086,Product 86,Bakery,SUP025,Nuts,Active
PROD087,Product 87,Coffee,SUP022,Egg,Inactive
PROD088,Product 88,Beverage,SUP026,Soy,Active
PROD089,Product 89,Beverage,SUP024,None,Active
PROD090,Product 90,Bakery,SUP013,Milk,Active
PROD091,Product 91,Beverage,SUP004,Soy,Active
PROD092,Product 92,Bakery,SUP039,Egg,Active
PROD093,Product 93,Coffee,SUP002,Nuts,Active
PROD094,Product 94,Dairy,SUP004,Milk,Inactive
PROD095,Product 95,Food,SUP034,Egg,Active
PROD096,Product 96,Dairy,SUP044,Soy,Active
PROD097,Product 97,Food,SUP011,Nuts,Active
PROD098,Product 98,Food,SUP036,Milk,Inactive
PROD099,Product 99,Dairy,SUP001,Milk,Active
PROD100,Product 100,Syrup,SUP033,Milk,Inactive
PROD101,Product 101,Dairy,SUP027,Milk,Inactive
PROD102,Product 102,Bakery,SUP005,Nuts,Inactive
PROD103,Product 103,Produce,SUP004,Nuts,Active
PROD104,Product 104,Syrup,SUP018,Nuts,Active
PROD105,Product 105,Bakery,SUP036,Soy,Active
PROD106,Product 106,Beverage,SUP019,Nuts,Active
PROD107,Product 107,Coffee,SUP032,Soy,Inactive
PROD108,Product 108,Produce,SUP018,Egg,Inactive
PROD109,Product 109,Food,SUP027,Egg,Active
PROD110,Product 110,Bakery,SUP007,Nuts,Active
PROD111,Product 111,Beverage,SUP043,Wheat,Active
PROD112,Product 112,Bakery,SUP013,Milk,Active
PROD113,Product 113,Dairy,SUP035,None,Active
PROD114,Product 114,Coffee,SUP036,Wheat,Active
PROD115,Product 115,Coffee,SUP026,Soy,Active
PROD116,Product 116,Coffee,SUP050,Milk,Active
PROD117,Product 117,Food,SUP008,Egg,Active
PROD118,Product 118,Coffee,SUP050,Egg,Inactive
PROD119,Product 119,Dairy,SUP001,Soy,Active
PROD120,Product 120,Bakery,SUP030,Nuts,Inactive
PROD121,Product 121,Coffee,SUP039,Wheat,Active
PROD122,Product 122,Coffee,SUP013,Nuts,Active
PROD123,Product 123,Food,SUP027,Milk,Active
PROD124,Product 124,Syrup,SUP011,Egg,Active
PROD125,Product 125,Beverage,SUP049,Milk,Active
PROD126,Product 126,Food,SUP024,Wheat,Active
PROD127,Product 127,Dairy,SUP047,None,Active
PROD128,Product 128,Bakery,SUP014,Nuts,Inactive
PROD129,Product 129,Beverage,SUP014,Egg,Active
PROD130,Product 130,Food,SUP036,Milk,Inactive
PROD131,Product 131,Bakery,SUP004,Soy,Active
PROD132,Product 132,Bakery,SUP002,None,Active
PROD133,Product 133,Dairy,SUP018,Egg,Active
PROD134,Product 134,Bakery,SUP025,None,Active
PROD135,Product 135,Produce,SUP042,Milk,Active
PROD136,Product 136,Dairy,SUP015,None,Inactive
PROD137,Product 137,Beverage,SUP003,Egg,Inactive
PROD138,Product 138,Bakery,SUP046,Wheat,Active
PROD139,Product 139,Dairy,SUP024,Milk,Active
PROD140,Product 140,Coffee,SUP019,Soy,Inactive
PROD141,Product 141,Syrup,SUP001,Wheat,Active
PROD142,Product 142,Bakery,SUP032,Nuts,Active
PROD143,Product 143,Syrup,SUP021,Soy,Inactive
PROD144,Product 144,Bakery,SUP028,None,Active
PROD145,Product 145,Beverage,SUP030,Egg,Active
PROD146,Product 146,Food,SUP014,Milk,Active
PROD147,Product 147,Syrup,SUP018,Soy,Inactive
PROD148,Product 148,Bakery,SUP025,Wheat,Active
PROD149,Product 149,Bakery,SUP029,Soy,Active
PROD150,Product 150,Food,SUP019,Egg,Active
